{
  "loss": 0.6103065410098016,
  "ppl": 1.8409956693649292,
  "token_acc": 0.7729468599033816,
  "answer_acc": 0.43950617283950616
}