{
  "loss": 0.012237038732402854,
  "ppl": 1.0123121738433838,
  "token_acc": 0.9971014492753624,
  "answer_acc": 0.9938271604938271
}